"text,""favorited"",""favoriteCount"",""replyToSN"",""created"",""truncated"",""replyToSID"",""id"",""replyToUID"",""statusSource"",""screenName"",""retweetCount"",""isRetweet"",""retweeted"",""longitude"",""latitude"""
"RT @coworking_soria: El mundo rural mola, y es lo que tenemos que transmitir a Millenials y talentos jóvenes, para eso está #elhueco @ongci…,FALSE,0,,2017-11-10 10:37:06,FALSE,,""928934532967026688"",,""<a href=""""http://twitter.com/download/android"""" rel=""""nofollow"""">Twitter for Android</a>"",""CODINSE"",4,TRUE,FALSE,,"
"Sin parpadear ante el teatro medieval de #presura, humor y realidad para entender la necesidad de repoblación https://t.co/qVSmTbMvHX,FALSE,0,,2017-11-10 10:36:51,FALSE,,""928934469721055232"",,""<a href=""""http://twitter.com/#!/download/ipad"""" rel=""""nofollow"""">Twitter for iPad</a>"",""coworking_soria"",0,FALSE,FALSE,,"
"RT @coworking_soria: Solo conseguiremos cumplir nuestros objetivos si nosotros mismos nos los creemos, @ayto_soria #presura https://t.co/lW…,FALSE,0,,2017-11-10 10:36:16,FALSE,,""928934324946300929"",,""<a href=""""http://twitter.com/download/iphone"""" rel=""""nofollow"""">Twitter for iPhone</a>"",""Ayto_Soria"",2,TRUE,FALSE,,"
"Qué grande es Armando García, de @virreypalafox Coworking es que trabajas para el rey... work king! #Presura año 1… https://t.co/k64ww8fewX,FALSE,0,,2017-11-10 10:35:41,TRUE,,""928934179563278342"",,""<a href=""""http://twitter.com/#!/download/ipad"""" rel=""""nofollow"""">Twitter for iPad</a>"",""antxon"",0,FALSE,FALSE,,"
"Inauguración de la feria #presura @coworking_soria #despoblacion https://t.co/82JfBLWW47,FALSE,1,,2017-11-10 10:32:36,FALSE,,""928933402740514816"",,""<a href=""""http://twitter.com/download/android"""" rel=""""nofollow"""">Twitter for Android</a>"",""sierralademanda"",0,FALSE,FALSE,,"
"RT @redrunacional: ¡Arranca #Presura la 1ª Feria para la repoblación de la España vacía!
Estaremos atentos a todo lo que acontece en esta i…,FALSE,0,,2017-11-10 10:32:12,FALSE,,""928933300613378048"",,""<a href=""""http://twitter.com/download/android"""" rel=""""nofollow"""">Twitter for Android</a>"",""CarolGAnsotegui"",3,TRUE,FALSE,,"
"Puedes verlo en directo desde Facebook de @coworking_soria https://t.co/fxQ325JVTD #Presura https://t.co/sqM12dUUUJ,FALSE,0,,2017-11-10 10:32:08,FALSE,,""928933284595294208"",,""<a href=""""http://twitter.com/#!/download/ipad"""" rel=""""nofollow"""">Twitter for iPad</a>"",""coworking_soria"",0,FALSE,FALSE,,"
"RT @coworking_soria: Estamos ante una tierra de oportunidades, #presura https://t.co/sSDUUH5mxO,FALSE,0,,2017-11-10 10:32:02,FALSE,,""928933258066321408"",,""<a href=""""http://twitter.com/download/iphone"""" rel=""""nofollow"""">Twitter for iPhone</a>"",""sspa_network"",1,TRUE,FALSE,,"
"Representación teatral en #Presura @coworking_soria https://t.co/E9T6gLreGa,FALSE,1,,2017-11-10 10:31:04,FALSE,,""928933015169970176"",,""<a href=""""https://mobile.twitter.com"""" rel=""""nofollow"""">Twitter Lite</a>"",""fundacionO2"",0,FALSE,FALSE,,"
"Estamos ante una tierra de oportunidades, #presura https://t.co/sSDUUH5mxO,FALSE,1,,2017-11-10 10:30:00,FALSE,,""928932748458446848"",,""<a href=""""http://twitter.com/#!/download/ipad"""" rel=""""nofollow"""">Twitter for iPad</a>"",""coworking_soria"",1,FALSE,FALSE,,"
"Viajamos al pasado para entender los orígenes de #presura https://t.co/InPuLNhwQF,FALSE,2,,2017-11-10 10:29:55,FALSE,,""928932727583322112"",,""<a href=""""http://twitter.com/#!/download/ipad"""" rel=""""nofollow"""">Twitter for iPad</a>"",""coworking_soria"",0,FALSE,FALSE,,"
"@coworking_soria #Presura  Charla  el director de la Cátedra sobre Despoblación de la @unizar https://t.co/nJT4dCG1yo,FALSE,0,""sorianoticias"",2017-11-10 10:28:59,FALSE,""928930630213218304"",""928932492689772545"",""436581338"",""<a href=""""http://twitter.com"""" r"
"#Presura vuelve al año 1000 https://t.co/EtDmySZkTQ,FALSE,1,,2017-11-10 10:28:14,FALSE,,""928932303270809601"",,""<a href=""""http://twitter.com/#!/download/ipad"""" rel=""""nofollow"""">Twitter for iPad</a>"",""antxon"",0,FALSE,FALSE,,"
"RT @coworking_soria: Todo preparado para dar comienzo a #Presura, la Primera Feria Nacional para la repoblación de la España vacía ¡Visítan…,FALSE,0,,2017-11-10 10:27:11,FALSE,,""928932039591645184"",,""<a href=""""http://twitter.com/download/android"""" rel=""""nofollow"""">Twitter for Android</a>"",""Hispasat"",10,TRUE,FALSE,,"
"RT @fundacionO2: #Presura #Soria El Hueco @coworking_soria https://t.co/khN7YZhuh7,FALSE,0,,2017-11-10 10:26:39,FALSE,,""928931903725555713"",,""<a href=""""http://twitter.com/download/android"""" rel=""""nofollow"""">Twitter for Android</a>"",""sierralademanda"",1,TRUE,FALSE,,"
"RT @coworking_soria: El mundo rural mola, y es lo que tenemos que transmitir a Millenials y talentos jóvenes, para eso está #elhueco @ongci…,FALSE,0,,2017-11-10 10:25:53,FALSE,,""928931713786548229"",,""<a href=""""http://twitter.com/download/iphone"""" rel=""""nofollow"""">Twitter for iPhone</a>"",""tcabcas"",4,TRUE,FALSE,,"
"#Presura #Soria El Hueco @coworking_soria https://t.co/khN7YZhuh7,FALSE,0,,2017-11-10 10:25:40,FALSE,,""928931655741509635"",,""<a href=""""https://mobile.twitter.com"""" rel=""""nofollow"""">Twitter Lite</a>"",""fundacionO2"",1,FALSE,FALSE,,"
"RT @coworking_soria: El mundo rural mola, y es lo que tenemos que transmitir a Millenials y talentos jóvenes, para eso está #elhueco @ongci…,FALSE,0,,2017-11-10 10:22:57,FALSE,,""928930974045523968"",,""<a href=""""http://twitter.com/download/iphone"""" rel=""""nofollow"""">Twitter for iPhone</a>"",""sspa_network"",4,TRUE,FALSE,,"
"RT @ajesoria: Presentes en #Presura 1 Feria para la despoblación de la España vacía. Enhorabuena al hueco.@coworking_soria https://t.co/mUc…,FALSE,0,,2017-11-10 10:22:47,FALSE,,""928930933201399809"",,""<a href=""""http://twitter.com/download/iphone"""" rel=""""nofollow"""">Twitter for iPhone</a>"",""sspa_network"",1,TRUE,FALSE,,"
"RT @coworking_soria: Solo conseguiremos cumplir nuestros objetivos si nosotros mismos nos los creemos, @ayto_soria #presura https://t.co/lW…,FALSE,0,,2017-11-10 10:22:43,FALSE,,""928930915950227457"",,""<a href=""""http://twitter.com/download/iphone"""" rel=""""nofollow"""">Twitter for iPhone</a>"",""sspa_network"",2,TRUE,FALSE,,"
"RT @coworking_soria: Si quieres ver la inauguración de #Presura en directo, éste es el enlace https://t.co/0GaOtufj1Q https://t.co/Nhi6bmPN…,FALSE,0,,2017-11-10 10:22:12,FALSE,,""928930786656518144"",,""<a href=""""http://twitter.com/download/android"""" rel=""""nofollow"""">Twitter for Android</a>"",""NaranjitoVic82"",1,TRUE,FALSE,,"
"Nos negamos a disolvernos, esto es #presura 2017 https://t.co/yCeJssKFAt,FALSE,1,,2017-11-10 10:22:12,FALSE,,""928930785993854976"",,""<a href=""""http://twitter.com/#!/download/ipad"""" rel=""""nofollow"""">Twitter for iPad</a>"",""coworking_soria"",0,FALSE,FALSE,,"
"@coworking_soria #Presura  ""Es necesario que las administraciones den un paso para evitar la despoblación""  https://t.co/LzMPmSUURk,FALSE,1,""sorianoticias"",2017-11-10 10:22:04,FALSE,""928930630213218304"",""928930752024203264"",""436581338"",""<a href=""""http://t"
"RT @coworking_soria: Las empresas sociales son vitales contra la despoblación, pero para ello necesitamos crear ecosistemas de apoyo @ongci…,FALSE,0,,2017-11-10 10:21:57,FALSE,,""928930721120620545"",,""<a href=""""http://twitter.com/download/android"""" rel=""""nofollow"""">Twitter for Android</a>"",""Renacuajoeva"",2,TRUE,FALSE,,"
"@coworking_soria #Presura Alain Cuenca: ""Lo importante es mejorar la calidad de vida de  los pueblos""  https://t.co/mCl01JAt72,FALSE,0,""sorianoticias"",2017-11-10 10:21:35,FALSE,""928928627781234690"",""928930630213218304"",""436581338"",""<a href=""""http://twitte"
"RT @coworking_soria: Soria ha perdido 40.000 habitantes en tan solo una década @ongcivesmundi #presura https://t.co/re43MKOGp9,FALSE,0,,2017-11-10 10:21:35,FALSE,,""928930630162960384"",,""<a href=""""http://twitter.com/download/iphone"""" rel=""""nofollow"""">Twitter for iPhone</a>"",""sspa_network"",1,TRUE,FALSE,,"
"Comienza #Presura I Feria Nacional para la repoblación de la España vacía. Conectaremos con iniciativas #almanatura… https://t.co/wmvWT31Klp,FALSE,0,,2017-11-10 10:20:51,TRUE,,""928930444996947968"",,""<a href=""""http://twitter.com/download/iphone"""" rel=""""nofollow"""">Twitter for iPhone</a>"",""desdelorural"",0,FALSE,FALSE,,"
"RT @redrunacional: ¡Arranca #Presura la 1ª Feria para la repoblación de la España vacía!
Estaremos atentos a todo lo que acontece en esta i…,FALSE,0,,2017-11-10 10:20:25,FALSE,,""928930336737779712"",,""<a href=""""http://twitter.com/#!/download/ipad"""" rel=""""nofollow"""">Twitter for iPad</a>"",""coworking_soria"",3,TRUE,FALSE,,"
"RT @coworking_soria: Las empresas sociales son vitales contra la despoblación, pero para ello necesitamos crear ecosistemas de apoyo @ongci…,FALSE,0,,2017-11-10 10:20:06,FALSE,,""928930256823693312"",,""<a href=""""http://twitter.com/download/android"""" rel=""""nofollow"""">Twitter for Android</a>"",""alfredvernis"",2,TRUE,FALSE,,"
"RT @coworking_soria: El mundo rural mola, y es lo que tenemos que transmitir a Millenials y talentos jóvenes, para eso está #elhueco @ongci…,FALSE,0,,2017-11-10 10:20:05,FALSE,,""928930252612669440"",,""<a href=""""http://twitter.com/download/android"""" rel=""""nofollow"""">Twitter for Android</a>"",""alfredvernis"",4,TRUE,FALSE,,"
"RT @Hispasat: @Hispasat en la feria #Presura para comunicar vía satélite todas las zonas incomunicadas https://t.co/syN1HiiomP,FALSE,0,,2017-11-10 10:19:48,FALSE,,""928930179124252672"",,""<a href=""""http://twitter.com/#!/download/ipad"""" rel=""""nofollow"""">Twitter for iPad</a>"",""coworking_soria"",1,TRUE,FALSE,,"
"Si quieres ver la inauguración de #Presura en directo, éste es el enlace https://t.co/0GaOtufj1Q https://t.co/Nhi6bmPNfa,FALSE,2,,2017-11-10 10:19:24,FALSE,,""928930079740170241"",,""<a href=""""http://twitter.com/#!/download/ipad"""" rel=""""nofollow"""">Twitter for iPad</a>"",""coworking_soria"",1,FALSE,FALSE,,"
"@Hispasat en la feria #Presura para comunicar vía satélite todas las zonas incomunicadas https://t.co/syN1HiiomP,FALSE,1,""Hispasat"",2017-11-10 10:19:12,FALSE,,""928930029437890562"",""1944236136"",""<a href=""""http://twitter.com/download/android"""" rel=""""nofollo"
"Presentes en #Presura 1 Feria para la despoblación de la España vacía. Enhorabuena al hueco.@coworking_soria https://t.co/mUci6KgRuj,FALSE,1,,2017-11-10 10:19:00,FALSE,,""928929979454377984"",,""<a href=""""https://mobile.twitter.com"""" rel=""""nofollow"""">Twitter Lite</a>"",""ajesoria"",1,FALSE,FALSE,,"
"RT @redrunacional: ¡Arranca #Presura la 1ª Feria para la repoblación de la España vacía!
Estaremos atentos a todo lo que acontece en esta i…,FALSE,0,,2017-11-10 10:18:44,FALSE,,""928929914497191936"",,""<a href=""""http://twitter.com/download/android"""" rel=""""nofollow"""">Twitter for Android</a>"",""Lourdes30551243"",3,TRUE,FALSE,,"
"Necesitamos políticas y presupuestos reales para poner en marcha proyectos de impacto colectivo, @ongcivesmundi #presura,FALSE,2,,2017-11-10 10:18:26,FALSE,,""928929838538416128"",,""<a href=""""http://twitter.com/#!/download/ipad"""" rel=""""nofollow"""">Twitter for iPad</a>"",""coworking_soria"",0,FALSE,FALSE,,"
"Soria ha perdido 40.000 habitantes en tan solo una década @ongcivesmundi #presura https://t.co/re43MKOGp9,FALSE,1,,2017-11-10 10:17:28,FALSE,,""928929593272266752"",,""<a href=""""http://twitter.com/#!/download/ipad"""" rel=""""nofollow"""">Twitter for iPad</a>"",""coworking_soria"",1,FALSE,FALSE,,"
"Antonio López Calvín en el discurso de apertura de #Presura en El Hueco @coworking_soria  ahora mismo https://t.co/NJ1sZ3WTIh,FALSE,0,,2017-11-10 10:17:18,FALSE,,""928929553954820097"",,""<a href=""""https://mobile.twitter.com"""" rel=""""nofollow"""">Twitter Lite</a>"",""fundacionO2"",0,FALSE,FALSE,,"
"Alucinando con la que han montado en @coworking_soria con #Presura Año I de la repoblación https://t.co/ETuH5JGicz,FALSE,3,,2017-11-10 10:16:43,FALSE,,""928929403869986816"",,""<a href=""""http://twitter.com/#!/download/ipad"""" rel=""""nofollow"""">Twitter for iPad</a>"",""antxon"",0,FALSE,FALSE,,"
"Las empresas sociales son vitales contra la despoblación, pero para ello necesitamos crear ecosistemas de apoyo @ongcivesmundi #presura,FALSE,2,,2017-11-10 10:16:26,FALSE,,""928929333875544064"",,""<a href=""""http://twitter.com/#!/download/ipad"""" rel=""""nofollow"""">Twitter for iPad</a>"",""coworking_soria"",2,FALSE,FALSE,,"
"El mundo rural mola, y es lo que tenemos que transmitir a Millenials y talentos jóvenes, para eso está #elhueco… https://t.co/IF1u2mMUqt,FALSE,6,,2017-11-10 10:16:15,TRUE,,""928929285578076161"",,""<a href=""""http://twitter.com/#!/download/ipad"""" rel=""""nofollow"""">Twitter for iPad</a>"",""coworking_soria"",4,FALSE,FALSE,,"
"Antonio Lopez ""El mundo rural mola"" ""Objetivo: Revertir el proceso de despoblación"" #PRESURA @coworking_soria… https://t.co/vFxLRsEhJh,FALSE,1,,2017-11-10 10:16:13,TRUE,,""928929278984622081"",,""<a href=""""http://twitter.com/download/android"""" rel=""""nofollow"""">Twitter for Android</a>"",""diegocortes42"",0,FALSE,FALSE,,"
"¡Arranca #Presura la 1ª Feria para la repoblación de la España vacía!
Estaremos atentos a todo lo que acontece en e… https://t.co/BUg8DhNiqn,FALSE,4,,2017-11-10 10:15:44,TRUE,,""928929155844014081"",,""<a href=""""http://twitter.com"""" rel=""""nofollow"""">Twitter Web Client</a>"",""redrunacional"",3,FALSE,FALSE,,"
"Inauguración de la I Feria para la repoblación @cmmsoria  exigiendo compromiso político, hechos, presupuestos, polí… https://t.co/JY0ctYcbKn,FALSE,3,,2017-11-10 10:15:20,TRUE,,""928929054958522370"",,""<a href=""""http://twitter.com/download/iphone"""" rel=""""nofollow"""">Twitter for iPhone</a>"",""javieranton"",5,FALSE,FALSE,,"
"RT @sorianoticias: #Presura 
Consulta aquí el programa completo de Presura 2017 @coworking_soria 
https://t.co/2yq8EGFyhA,FALSE,0,,2017-11-10 10:14:52,FALSE,,""928928940995031040"",,""<a href=""""http://twitter.com/#!/download/ipad"""" rel=""""nofollow"""">Twitter for iPad</a>"",""coworking_soria"",1,TRUE,FALSE,,"
"Solo conseguiremos cumplir nuestros objetivos si nosotros mismos nos los creemos, @ayto_soria #presura https://t.co/lWyd27QBuE,FALSE,2,,2017-11-10 10:13:57,FALSE,,""928928708488032256"",,""<a href=""""http://twitter.com/#!/download/ipad"""" rel=""""nofollow"""">Twitter for iPad</a>"",""coworking_soria"",2,FALSE,FALSE,,"
"#Presura 
Consulta aquí el programa completo de Presura 2017 @coworking_soria 
https://t.co/2yq8EGFyhA,FALSE,0,""sorianoticias"",2017-11-10 10:13:38,FALSE,""928925722269405184"",""928928627781234690"",""436581338"",""<a href=""""http://twitter.com"""" rel=""""nofollow"""">Twitter Web Client</a>"",""sorianoticias"",1,FALSE,FALSE,,"
"RT @coworking_soria: No habrá sostenibilidad medioambiental mientras no haya sostenibilidad humana, @ayto_soria #presura,FALSE,0,,2017-11-10 10:10:44,FALSE,,""928927898857295877"",,""<a href=""""http://twitter.com/download/iphone"""" rel=""""nofollow"""">Twitter for iPhone</a>"",""Ayto_Soria"",1,TRUE,FALSE,,"
"RT @levelup_ufv: Este pasado miércoles salió #PresuraXXIV dedicado a El viaje en el videojuego ¿Lo habéis leído ya? @Presurae https://t.co/…,FALSE,0,,2017-11-10 10:10:42,FALSE,,""928927892003835904"",,""<a href=""""http://twitter.com/download/android"""" rel=""""nofollow"""">Twitter for Android</a>"",""Presurae"",1,TRUE,FALSE,,"
"RT @coworking_soria: Buscamos futuro, por eso necesitamos analizar las causas de la despoblación, Carlos Martínez, @ayto_soria #presura htt…,FALSE,0,,2017-11-10 10:10:42,FALSE,,""928927889168457728"",,""<a href=""""http://twitter.com/download/iphone"""" rel=""""nofollow"""">Twitter for iPhone</a>"",""Ayto_Soria"",1,TRUE,FALSE,,"
"RT @coworking_soria: Puedes ver la inauguración de #Presura en directo desde https://t.co/dyFxa0s4QK https://t.co/oPqp2qK97K,FALSE,0,,2017-11-10 10:10:13,FALSE,,""928927767672082432"",,""<a href=""""http://twitter.com/download/android"""" rel=""""nofollow"""">Twitter for Android</a>"",""CarolGAnsotegui"",1,TRUE,FALSE,,"
"RT @coworking_soria: Todo preparado para dar comienzo a #Presura, la Primera Feria Nacional para la repoblación de la España vacía ¡Visítan…,FALSE,0,,2017-11-10 10:09:51,FALSE,,""928927677565820929"",,""<a href=""""http://twitter.com/download/android"""" rel=""""nofollow"""">Twitter for Android</a>"",""CarolGAnsotegui"",10,TRUE,FALSE,,"
"La palabra clave de esta causa es presupuesto, no hablamos de un problema de Soria, se trata de un cambio de modelo #presura,FALSE,1,,2017-11-10 10:09:37,FALSE,,""928927616341508096"",,""<a href=""""http://twitter.com/#!/download/ipad"""" rel=""""nofollow"""">Twitter for iPad</a>"",""coworking_soria"",0,FALSE,FALSE,,"
"Puedes ver la inauguración de #Presura en directo desde https://t.co/dyFxa0s4QK https://t.co/oPqp2qK97K,FALSE,3,,2017-11-10 10:09:21,FALSE,,""928927552990834688"",,""<a href=""""http://twitter.com/#!/download/ipad"""" rel=""""nofollow"""">Twitter for iPad</a>"",""coworking_soria"",1,FALSE,FALSE,,"
"@DipSegovia #Presura con la repoblación del medio rural https://t.co/dkEMOyB2O3,FALSE,1,""DipSegovia"",2017-11-10 10:09:13,FALSE,,""928927519419588609"",""555065227"",""<a href=""""http://twitter.com/download/android"""" rel=""""nofollow"""">Twitter for Android</a>"",""da"
"Buscamos futuro, por eso necesitamos analizar las causas de la despoblación, Carlos Martínez, @ayto_soria #presura https://t.co/lgNfqvtb56,FALSE,2,,2017-11-10 10:08:34,FALSE,,""928927353123852288"",,""<a href=""""http://twitter.com/#!/download/ipad"""" rel=""""nofollow"""">Twitter for iPad</a>"",""coworking_soria"",1,FALSE,FALSE,,"
"No habrá sostenibilidad medioambiental mientras no haya sostenibilidad humana, @ayto_soria #presura,FALSE,1,,2017-11-10 10:08:28,FALSE,,""928927330000691201"",,""<a href=""""http://twitter.com/#!/download/ipad"""" rel=""""nofollow"""">Twitter for iPad</a>"",""coworking_soria"",1,FALSE,FALSE,,"
"@cmmsoria da la bienvenida #PRESURA #agradecimiento @coworking_soria @Ayto_Soria 
""Conocer el presente para analiza… https://t.co/fjKpG83RCB,FALSE,1,""cmmsoria"",2017-11-10 10:05:51,TRUE,,""928926671121592320"",""220676530"",""<a href=""""http://twitter.com/downl"
"RT @coworking_soria: Todo preparado para dar comienzo a #Presura, la Primera Feria Nacional para la repoblación de la España vacía ¡Visítan…,FALSE,0,,2017-11-10 10:05:41,FALSE,,""928926626766827520"",,""<a href=""""http://twitter.com/download/android"""" rel=""""nofollow"""">Twitter for Android</a>"",""alfredvernis"",10,TRUE,FALSE,,"
"Este fin de semana @eldiadesoria está en #Presura #ElHueco #Repoblación #Año0Repoblación #Soria https://t.co/Dmk1bHBZwa,FALSE,0,,2017-11-10 10:04:21,FALSE,,""928926291994251264"",,""<a href=""""http://twitter.com/download/android"""" rel=""""nofollow"""">Twitter for Android</a>"",""ElDiaDeSoria"",0,FALSE,FALSE,,"
"En el acto de inauguración de #Presura en El Hueco @coworking_soria https://t.co/hCO3F5jZzp,FALSE,1,,2017-11-10 10:03:57,FALSE,,""928926193444966403"",,""<a href=""""https://mobile.twitter.com"""" rel=""""nofollow"""">Twitter Lite</a>"",""fundacionO2"",0,FALSE,FALSE,,"
"Empieza Presura!! La primera feria para la repoblación de la ESPAÑA vacía. Iniciativa innovadora. @Cortes_CYL… https://t.co/ooNrphXIGg,FALSE,1,,2017-11-10 10:02:44,TRUE,,""928925885868240896"",,""<a href=""""http://twitter.com/download/iphone"""" rel=""""nofollow"""">Twitter for iPhone</a>"",""zapgomju"",0,FALSE,FALSE,,"
"#Presura 
Sigue en directo la primera Feria para la repoblación de la España 
https://t.co/tiogQuLLO5,FALSE,1,,2017-11-10 10:02:05,FALSE,,""928925722269405184"",,""<a href=""""http://twitter.com"""" rel=""""nofollow"""">Twitter Web Client</a>"",""sorianoticias"",0,FALSE,FALSE,,"
"#Presura empieza una nueva era según Roberto https://t.co/x2YNAUiE42,FALSE,0,,2017-11-10 10:01:17,FALSE,,""928925522675032064"",,""<a href=""""http://twitter.com/download/android"""" rel=""""nofollow"""">Twitter for Android</a>"",""david_mohu"",0,FALSE,FALSE,,"
"RT @coworking_soria: Todo preparado para dar comienzo a #Presura, la Primera Feria Nacional para la repoblación de la España vacía ¡Visítan…,FALSE,0,,2017-11-10 09:59:16,FALSE,,""928925012756783105"",,""<a href=""""http://twitter.com/download/iphone"""" rel=""""nofollow"""">Twitter for iPhone</a>"",""carloscungria"",10,TRUE,FALSE,,"
"RT @coworking_soria: Todo preparado para dar comienzo a #Presura, la Primera Feria Nacional para la repoblación de la España vacía ¡Visítan…,FALSE,0,,2017-11-10 09:57:58,FALSE,,""928924687102545920"",,""<a href=""""http://twitter.com/download/iphone"""" rel=""""nofollow"""">Twitter for iPhone</a>"",""Despoblacion_"",10,TRUE,FALSE,,"
"RT @coworking_soria: Todo preparado para dar comienzo a #Presura, la Primera Feria Nacional para la repoblación de la España vacía ¡Visítan…,FALSE,0,,2017-11-10 09:57:18,FALSE,,""928924519452106753"",,""<a href=""""http://twitter.com/download/iphone"""" rel=""""nofollow"""">Twitter for iPhone</a>"",""fempcomunica"",10,TRUE,FALSE,,"
"RT @coworking_soria: Todo preparado para dar comienzo a #Presura, la Primera Feria Nacional para la repoblación de la España vacía ¡Visítan…,FALSE,0,,2017-11-10 09:53:11,FALSE,,""928923483744202753"",,""<a href=""""http://twitter.com/#!/download/ipad"""" rel=""""nofollow"""">Twitter for iPad</a>"",""deadend68"",10,TRUE,FALSE,,"
"RT @coworking_soria: Todo preparado para dar comienzo a #Presura, la Primera Feria Nacional para la repoblación de la España vacía ¡Visítan…,FALSE,0,,2017-11-10 09:52:07,FALSE,,""928923214729961472"",,""<a href=""""http://twitter.com/download/android"""" rel=""""nofollow"""">Twitter for Android</a>"",""ivelazquezval"",10,TRUE,FALSE,,"
"RT @coworking_soria: Todo preparado para dar comienzo a #Presura, la Primera Feria Nacional para la repoblación de la España vacía ¡Visítan…,FALSE,0,,2017-11-10 09:51:20,FALSE,,""928923016033177601"",,""<a href=""""https://about.twitter.com/products/tweetdeck"""" rel=""""nofollow"""">TweetDeck</a>"",""itsduero"",10,TRUE,FALSE,,"
"RT @coworking_soria: Todo preparado para dar comienzo a #Presura, la Primera Feria Nacional para la repoblación de la España vacía ¡Visítan…,FALSE,0,,2017-11-10 09:31:47,FALSE,,""928918099084169216"",,""<a href=""""http://twitter.com"""" rel=""""nofollow"""">Twitter Web Client</a>"",""SoriaSentirRura"",10,TRUE,FALSE,,"
"Todo preparado para dar comienzo a #Presura, la Primera Feria Nacional para la repoblación de la España vacía ¡Visí… https://t.co/Ga53x5Qo0w,FALSE,12,,2017-11-10 09:27:39,TRUE,,""928917056736591874"",,""<a href=""""http://twitter.com/#!/download/ipad"""" rel=""""nofollow"""">Twitter for iPad</a>"",""coworking_soria"",10,FALSE,FALSE,,"
"Este pasado miércoles salió #PresuraXXIV dedicado a El viaje en el videojuego ¿Lo habéis leído ya? @Presurae https://t.co/pvTb0XkO9N,FALSE,1,""levelup_ufv"",2017-11-10 09:23:46,FALSE,""928912657121464320"",""928916080348794880"",""818782757404999680"",""<a href=""""http://twitter.com"""" rel=""""nofollow"""">Twitter Web Client</a>"",""levelup_ufv"",1,FALSE,FALSE,,"
"RT @fundacionO2: A punto de inaugurar #Presura en El Hueco @coworking_soria https://t.co/wreSwgdb7R,FALSE,0,,2017-11-10 09:21:28,FALSE,,""928915499672653824"",,""<a href=""""http://twitter.com"""" rel=""""nofollow"""">Twitter Web Client</a>"",""ForoAstSost"",1,TRUE,FALSE,,"
"A punto de inaugurar #Presura en El Hueco @coworking_soria https://t.co/wreSwgdb7R,FALSE,1,,2017-11-10 09:21:11,FALSE,,""928915427782266882"",,""<a href=""""https://mobile.twitter.com"""" rel=""""nofollow"""">Twitter Lite</a>"",""fundacionO2"",1,FALSE,FALSE,,"
"Estamos en #Presura ! Puedes visitar nuestro stand en la sala de la primera planta, al pie de nuestas oficinas. El… https://t.co/EAViqEFkjh,FALSE,2,,2017-11-10 09:13:53,TRUE,,""928913590727389184"",,""<a href=""""http://twitter.com"""" rel=""""nofollow"""">Twitter Web Client</a>"",""MegaraEnergia"",0,FALSE,FALSE,,"
"RT @coworking_soria: Roberto Lozano de @fundacionO2 te da unas claves para que no te pierdas #Presura https://t.co/J4ReRol2x8,FALSE,0,,2017-11-10 09:12:32,FALSE,,""928913251932561408"",,""<a href=""""https://mobile.twitter.com"""" rel=""""nofollow"""">Twitter Lite</a>"",""fundacionO2"",1,TRUE,FALSE,,"
"RT @LOA_Rural: Vamos camino Soria a la feria #Presura a ver como entre todos impulsamos el mundo #rural porque nosotras también somos #Rura…,FALSE,0,,2017-11-10 08:53:32,FALSE,,""928908469964541952"",,""<a href=""""https://mobile.twitter.com"""" rel=""""nofollow"""">Twitter Lite</a>"",""RosaBlancaPilar"",1,TRUE,FALSE,,"
"Vamos camino Soria a la feria #Presura a ver como entre todos impulsamos el mundo #rural porque nosotras también somos #Rurallover,FALSE,2,,2017-11-10 08:51:53,FALSE,,""928908055663738881"",,""<a href=""""https://mobile.twitter.com"""" rel=""""nofollow"""">Twitter Lite</a>"",""LOA_Rural"",1,FALSE,FALSE,,"
"@outslappyhours colabora con Presura = PURA MARAVILLA https://t.co/DU4Ppb4YZw,FALSE,0,""outslappyhours"",2017-11-10 08:31:58,FALSE,,""928903044540006400"",""214973012"",""<a href=""""http://twitter.com/download/android"""" rel=""""nofollow"""">Twitter for Android</a>"","""
"Un paseo por Columbia https://t.co/qGLtowDf3p https://t.co/UwXdiSHQv6,FALSE,0,,2017-11-10 07:48:36,FALSE,,""928892132030476288"",,""<a href=""""https://dlvrit.com/"""" rel=""""nofollow"""">dlvr.it</a>"",""dvdMonedero"",0,FALSE,FALSE,,"
"Hoy comienza la 1ª Feria para la Repoblación de la España Vacía-PRESURA 2017 https://t.co/9qC98z5vtb,FALSE,0,,2017-11-10 07:10:04,FALSE,,""928882434342641664"",,""<a href=""""http://www.hootsuite.com"""" rel=""""nofollow"""">Hootsuite</a>"",""tysmagazine"",0,FALSE,FALSE,,"
"Mañana comienza #Presura y hemos elegido Herreros, un pueblo cerca de #Soria para pasar estos días. Felicidades por… https://t.co/RNj3ElOXGK,FALSE,1,,2017-11-09 23:58:30,TRUE,,""928773825721978881"",,""<a href=""""http://twitter.com/download/iphone"""" rel=""""nofollow"""">Twitter for iPhone</a>"",""juanjomanzano"",0,FALSE,FALSE,,"
"RT @rtve: #Presura, la 1ª Feria Nacional para la Repoblación de la España Vacía https://t.co/PmHlGZDYD5 @ArtesferaRNE https://t.co/Nl5GoY1T…,FALSE,0,,2017-11-09 22:50:05,FALSE,,""928756607760109569"",,""<a href=""""http://twitter.com/download/android"""" rel=""""nofollow"""">Twitter for Android</a>"",""jcarro_boti"",2,TRUE,FALSE,,"
"RT @rtve: #Presura, la 1ª Feria Nacional para la Repoblación de la España Vacía https://t.co/PmHlGZDYD5 @ArtesferaRNE https://t.co/Nl5GoY1T…,FALSE,0,,2017-11-09 22:34:33,FALSE,,""928752700971462656"",,""<a href=""""http://twitter.com/download/android"""" rel=""""nofollow"""">Twitter for Android</a>"",""ficuspotus"",2,TRUE,FALSE,,"
"#Presura, la 1ª Feria Nacional para la Repoblación de la España Vacía https://t.co/PmHlGZDYD5 @ArtesferaRNE https://t.co/Nl5GoY1T60,FALSE,6,,2017-11-09 22:30:00,FALSE,,""928751553518870529"",,""<a href=""""https://about.twitter.com/products/tweetdeck"""" rel=""""nofollow"""">TweetDeck</a>"",""rtve"",2,FALSE,FALSE,,"
"RT @fsbierzo: Hay más ideas que personas para llevarlas a cabo, pero con #Presura llegarán nuevos pobladores que las harán realidad! <ed><U+00A0><U+00BC><ed><U+00BC><U+00B2><ed><U+00A0><U+00BC><ed><U+00BC><U+00B3><ed><U+00A0><U+00BC><ed><U+00BC><U+00B2> ht…,FALSE,0,,2017-11-09 17:22:42,FALSE,,""928674217780039680"",,""<a href=""""http://twitter.com/download/android"""" rel=""""nofollow"""">Twitter for Android</a>"",""fsbierzo"",2,TRUE,FALSE,,"
"Nace la revista Presura para dar voz a la despoblación y a las oportunidades del medio rural https://t.co/Bp1hOlZxHj,FALSE,0,,2017-11-09 17:12:00,FALSE,,""928671527612108800"",,""<a href=""""http://bufferapp.com"""" rel=""""nofollow"""">Buffer</a>"",""comarcadepinare"",0,FALSE,FALSE,,"
"RT @coworking_soria: ¿Qué puede ofrecer un pueblo de 100 habitantes a un joven urbanita? @heraldoes se hace eco de #Presura 

https://t.co/…,FALSE,0,,2017-11-09 16:30:19,FALSE,,""928661037016117248"",,""<a href=""""https://mobile.twitter.com"""" rel=""""nofollow"""">Twitter Lite</a>"",""CatDespoblacion"",11,TRUE,FALSE,,"
"RT @coworking_soria: ¿Conoces la programación del Agora en #Presura? https://t.co/JFFfTssBTv https://t.co/hdH2I46CnW,FALSE,0,,2017-11-09 13:18:57,FALSE,,""928612876218183681"",,""<a href=""""http://twitter.com/download/android"""" rel=""""nofollow"""">Twitter for Android</a>"",""EscuelaHuella"",3,TRUE,FALSE,,"
"RT @coworking_soria: ¿Qué puede ofrecer un pueblo de 100 habitantes a un joven urbanita? @heraldoes se hace eco de #Presura 

https://t.co/…,FALSE,0,,2017-11-09 11:11:57,FALSE,,""928580915953053696"",,""<a href=""""http://twitter.com"""" rel=""""nofollow"""">Twitter Web Client</a>"",""AlainCuenca"",11,TRUE,FALSE,,"
"RT @coworking_soria: El sábado 11 de noviembre podrás escuchar más de 40 iniciativas contra la despoblación en #AgoraPresura  https://t.co/…,FALSE,0,,2017-11-09 11:09:34,FALSE,,""928580317191000064"",,""<a href=""""http://twitter.com/download/android"""" rel=""""nofollow"""">Twitter for Android</a>"",""EvaMariadeDieg4"",13,TRUE,FALSE,,"
"RT @AlainCuenca: Mi columna hoy en @lainformacion al hilo de la feria #PRESURA que se celebra en Soria el próximo fin de semana. La p…https…,FALSE,0,,2017-11-09 11:09:27,FALSE,,""928580286190948352"",,""<a href=""""http://twitter.com"""" rel=""""nofollow"""">Twitter Web Client</a>"",""LauraFreixas"",1,TRUE,FALSE,,"
"RT @huertosdesoria: Contra la despoblación, innovación social. Este fin de semana, visita #Presura, en Soria. https://t.co/kMbj1lxeXk https…,FALSE,0,,2017-11-09 11:09:25,FALSE,,""928580281602277376"",,""<a href=""""http://twitter.com/download/android"""" rel=""""nofollow"""">Twitter for Android</a>"",""EvaMariadeDieg4"",1,TRUE,FALSE,,"
"Mi columna hoy en @lainformacion al hilo de la feria #PRESURA que se celebra en Soria el próximo fin de semana. La p…https://t.co/gu0hIq1gjT,FALSE,2,,2017-11-09 11:04:50,FALSE,,""928579127057309696"",,""<a href=""""http://www.linkedin.com/"""" rel=""""nofollow"""">LinkedIn</a>"",""AlainCuenca"",1,FALSE,FALSE,,"
"RT @AzPlayBilbao: Número XXIV de la revista Presura: El viaje en el videojuego. https://t.co/3hI2Hp4K5o,FALSE,0,,2017-11-09 10:51:07,FALSE,,""928575676059475968"",,""<a href=""""http://twitter.com/download/android"""" rel=""""nofollow"""">Twitter for Android</a>"",""RedBorealis"",2,TRUE,FALSE,,"
"@dawfliz @Presurae @Albertoxvenegas Este me lo imprimí yo en el trabajo. Habrá que esperar un tiempo antes de ver P… https://t.co/qG9s7a7qj7,FALSE,0,""dawfliz"",2017-11-09 10:38:54,TRUE,""928572249745055745"",""928572599411658752"",""2203770301"",""<a href=""""http:"
"RT @MamenAsencio: En unos pocos lugares muuuucha gente y en muuuchos lugares poca gente. I Feria Nacional para la Repoblación de la España…,FALSE,0,,2017-11-09 09:37:54,FALSE,,""928557247487234048"",,""<a href=""""http://twitter.com/download/android"""" rel=""""nofollow"""">Twitter for Android</a>"",""TereAsencio"",1,TRUE,FALSE,,"
"RT @AzPlayBilbao: Número XXIV de la revista Presura: El viaje en el videojuego. https://t.co/3hI2Hp4K5o,FALSE,0,,2017-11-09 08:23:59,FALSE,,""928538647804153858"",,""<a href=""""http://twitter.com/download/android"""" rel=""""nofollow"""">Twitter for Android</a>"",""equilateral_es"",2,TRUE,FALSE,,"
"Número XXIV de la revista Presura: El viaje en el videojuego. https://t.co/3hI2Hp4K5o,FALSE,3,,2017-11-09 08:02:17,FALSE,,""928533187277524993"",,""<a href=""""http://www.hootsuite.com"""" rel=""""nofollow"""">Hootsuite</a>"",""AzPlayBilbao"",2,FALSE,FALSE,,"
"PRESURA 2017, Feria Nacional para la Repoblación de la España Vacía. Hooola @Eduskopia allí nos vemos!!! <ed><U+00A0><U+00BD><ed><U+00B8><U+0089> https://t.co/6Hs9a4lOmr,FALSE,1,,2017-11-09 07:06:30,FALSE,,""928519149021736961"",,""<a href=""""http://twitter.com/download/android"""" rel=""""nofollow"""">Twitter for Android</a>"",""salondesol"",0,FALSE,FALSE,,"
"RT @coworking_soria: Hoy se ha presentado en la @dipsoria con @LuisReyHeras la revista #PresuraXXI que nace de forma simultánea a la 1ª Fer…,FALSE,0,,2017-11-09 06:53:44,FALSE,,""928515935228563456"",,""<a href=""""http://twitter.com/#!/download/ipad"""" rel=""""nofollow"""">Twitter for iPad</a>"",""LuisReyHeras"",4,TRUE,FALSE,,"
"Y para los que no sepáis de qué va eso de #Presura aquí tenéis todo: https://t.co/kdwz8uaMtE Pasaremos de hablar de… https://t.co/tnTDQUZL36,FALSE,1,,2017-11-08 22:08:22,TRUE,,""928383722013020165"",,""<a href=""""https://about.twitter.com/products/tweetdeck"""" rel=""""nofollow"""">TweetDeck</a>"",""antxon"",0,FALSE,FALSE,,"
"Por cierto, gracias al apoyo de @joaquinalcalde y @coworking_soria que han contado con @SharingBrands para empujar… https://t.co/8dweBE86G1,FALSE,1,,2017-11-08 22:06:28,TRUE,,""928383242998296582"",,""<a href=""""https://about.twitter.com/products/tweetdeck"""" rel=""""nofollow"""">TweetDeck</a>"",""antxon"",0,FALSE,FALSE,,"
"Desde mañana mi campo base volverá a estar en #Soria para participar de varias maneras en #Presura : comunicación,… https://t.co/AcVegEVuVh,FALSE,1,,2017-11-08 22:05:19,TRUE,,""928382953968885760"",,""<a href=""""https://about.twitter.com/products/tweetdeck"""" rel=""""nofollow"""">TweetDeck</a>"",""antxon"",0,FALSE,FALSE,,"
"RT @RevistaQuercus: PRESURA 2017 es la 1ª Feria que reunirá en #Soria a los que se plantean vivir en el mundo rural. 10-12 NOV https://t.co…,FALSE,0,,2017-11-08 20:45:10,FALSE,,""928362785351917568"",,""<a href=""""http://twitter.com/download/android"""" rel=""""nofollow"""">Twitter for Android</a>"",""Josu_Orturi"",4,TRUE,FALSE,,"
"RT @RevistaQuercus: PRESURA 2017 es la 1ª Feria que reunirá en #Soria a los que se plantean vivir en el mundo rural. 10-12 NOV https://t.co…,FALSE,0,,2017-11-08 19:13:25,FALSE,,""928339693313380352"",,""<a href=""""https://mobile.twitter.com"""" rel=""""nofollow"""">Twitter Lite</a>"",""cbherranz30"",4,TRUE,FALSE,,"
"RT @RevistaQuercus: PRESURA 2017 es la 1ª Feria que reunirá en #Soria a los que se plantean vivir en el mundo rural. 10-12 NOV https://t.co…,FALSE,0,,2017-11-08 19:09:51,FALSE,,""928338797112242178"",,""<a href=""""https://mobile.twitter.com"""" rel=""""nofollow"""">Twitter Lite</a>"",""alienadito"",4,TRUE,FALSE,,"
"RT @RevistaQuercus: PRESURA 2017 es la 1ª Feria que reunirá en #Soria a los que se plantean vivir en el mundo rural. 10-12 NOV https://t.co…,FALSE,0,,2017-11-08 18:22:33,FALSE,,""928326893924945920"",,""<a href=""""http://twitter.com/download/android"""" rel=""""nofollow"""">Twitter for Android</a>"",""ForoAstSost"",4,TRUE,FALSE,,"
"PRESURA 2017 es la 1ª Feria que reunirá en #Soria a los que se plantean vivir en el mundo rural. 10-12 NOV… https://t.co/fuqm6SqLnz,FALSE,6,,2017-11-08 18:13:12,TRUE,,""928324538638716928"",,""<a href=""""http://twitter.com"""" rel=""""nofollow"""">Twitter Web Client</a>"",""RevistaQuercus"",4,FALSE,FALSE,,"
"Si te gusta la Historia y los Videojuegos, deberías ver esto: Presura XXIV - El viaje en el videojuego.… https://t.co/Mk2M1Nj4Jr,FALSE,1,,2017-11-08 18:04:55,TRUE,,""928322454396768261"",,""<a href=""""http://twitter.com"""" rel=""""nofollow"""">Twitter Web Client</a>"",""SrPurpura"",0,FALSE,FALSE,,"
"RT @coworking_soria: Hoy se ha presentado en la @dipsoria con @LuisReyHeras la revista #PresuraXXI que nace de forma simultánea a la 1ª Fer…,FALSE,0,,2017-11-08 17:36:54,FALSE,,""928315407022329860"",,""<a href=""""http://twitter.com/download/android"""" rel=""""nofollow"""">Twitter for Android</a>"",""ForoAstSost"",4,TRUE,FALSE,,"
"RT @coworking_soria: Contra la despoblación, innovación social. ¿Cómo? #Presura Año I de la #repoblación ¿Te apuntas?
https://t.co/J4ReRol2…,FALSE,0,,2017-11-08 17:36:00,FALSE,,""928315177430286337"",,""<a href=""""http://twitter.com/download/android"""" rel=""""nofollow"""">Twitter for Android</a>"",""ForoAstSost"",7,TRUE,FALSE,,"
"RT @coworking_soria: Hoy se ha presentado en la @dipsoria con @LuisReyHeras la revista #PresuraXXI que nace de forma simultánea a la 1ª Fer…,FALSE,0,,2017-11-08 16:10:08,FALSE,,""928293571031130113"",,""<a href=""""http://twitter.com/download/android"""" rel=""""nofollow"""">Twitter for Android</a>"",""dipsoria"",4,TRUE,FALSE,,"
"RT @sorianoticias: El Hueco espera la participación de 2.500 personas en ‘Presura’, la primera feria de la repoblación de España https://t.…,FALSE,0,,2017-11-08 16:01:56,FALSE,,""928291505449701377"",,""<a href=""""http://twitter.com/download/android"""" rel=""""nofollow"""">Twitter for Android</a>"",""JATC66"",1,TRUE,FALSE,,"
"Roberto Lozano de @fundacionO2 te da unas claves para que no te pierdas #Presura https://t.co/J4ReRol2x8,FALSE,1,,2017-11-08 15:44:58,FALSE,,""928287236629688320"",,""<a href=""""https://about.twitter.com/products/tweetdeck"""" rel=""""nofollow"""">TweetDeck</a>"",""coworking_soria"",1,FALSE,FALSE,,"
"RT @coworking_soria: #Presura ya está muy cerquita. El viernes 10 de noviembre #Soria será el epicentro de las soluciones para repoblar la…,FALSE,0,,2017-11-08 14:49:49,FALSE,,""928273356742430720"",,""<a href=""""http://twitter.com/download/android"""" rel=""""nofollow"""">Twitter for Android</a>"",""HotelAlfonso8"",1,TRUE,FALSE,,"
"Diputación colabora con El Hueco en la edición de la revista Presura https://t.co/8Skj6If3GU vía @La_SER,FALSE,0,,2017-11-08 14:05:24,FALSE,,""928262180243419136"",,""<a href=""""http://twitter.com"""" rel=""""nofollow"""">Twitter Web Client</a>"",""CadenaSERSoria"",0,FALSE,FALSE,,"
"El Hueco espera la participación de 2.500 personas en ‘Presura’, la primera feria de la repoblación de España https://t.co/Ig2nCsQjiL,FALSE,1,,2017-11-08 13:39:56,FALSE,,""928255768436133888"",,""<a href=""""https://about.twitter.com/products/tweetdeck"""" rel=""""nofollow"""">TweetDeck</a>"",""sorianoticias"",1,FALSE,FALSE,,"
"Presura, la voz de la despoblación. @coworking_soria @dipsoria @despoblacion @TierrasdelCid_
https://t.co/rWqS8H0CoY https://t.co/krqmbpOlXl,FALSE,2,,2017-11-08 13:27:07,FALSE,,""928252544375312385"",,""<a href=""""http://twitter.com"""" rel=""""nofollow"""">Twitter Web Client</a>"",""elmirondesoria"",3,FALSE,FALSE,,"
"RT @coworking_soria: Hoy se ha presentado en la @dipsoria con @LuisReyHeras la revista #PresuraXXI que nace de forma simultánea a la 1ª Fer…,FALSE,0,,2017-11-08 13:19:02,FALSE,,""928250511605813248"",,""<a href=""""http://twitter.com/download/android"""" rel=""""nofollow"""">Twitter for Android</a>"",""Renacuajoeva"",4,TRUE,FALSE,,"
"RT @sorianoticias: #Presura
Alain Cuenca: ""Lo importante es mejorar la calidad de vida de los pueblos""
https://t.co/mCl01JAt72 @AlainCuenca…,FALSE,0,,2017-11-08 13:06:35,FALSE,,""928247376648855552"",,""<a href=""""http://twitter.com/download/iphone"""" rel=""""nofollow"""">Twitter for iPhone</a>"",""AlainCuenca"",2,TRUE,FALSE,,"
"La España vacía necesita emprendedores para repoblarla: una feria los busca https://t.co/CXwCZLygv5 vía @20m #emprendedores,FALSE,0,,2017-11-08 13:00:02,FALSE,,""928245727939178498"",,""<a href=""""https://ads-api.twitter.com"""" rel=""""nofollow"""">Twitter Ads Composer</a>"",""eInforma"",0,FALSE,FALSE,,"
"Hoy se ha presentado en la @dipsoria con @LuisReyHeras la revista #PresuraXXI que nace de forma simultánea a la 1ª… https://t.co/k5E7FYrILs,FALSE,4,,2017-11-08 12:59:26,TRUE,,""928245578533867521"",,""<a href=""""https://about.twitter.com/products/tweetdeck"""" rel=""""nofollow"""">TweetDeck</a>"",""coworking_soria"",4,FALSE,FALSE,,"
"RT @sorianoticias: #Presura
Alain Cuenca: ""Lo importante es mejorar la calidad de vida de los pueblos""
https://t.co/mCl01JAt72 @AlainCuenca…,FALSE,0,,2017-11-08 12:54:52,FALSE,,""928244428350935045"",,""<a href=""""https://about.twitter.com/products/tweetdeck"""" rel=""""nofollow"""">TweetDeck</a>"",""coworking_soria"",2,TRUE,FALSE,,"
"RT @multiversityart: Presura XXIV: El viaje en el videojuego. https://t.co/mLsDUQDudN vía @Presurae,FALSE,0,,2017-11-08 12:09:26,FALSE,,""928232995240235009"",,""<a href=""""http://twitter.com/#!/download/ipad"""" rel=""""nofollow"""">Twitter for iPad</a>"",""Presurae"",1,TRUE,FALSE,,"
"Maravilloso el número de @Presurae con escritos de @Xavinland y @Eleavania https://t.co/FIgCVFBbr7,FALSE,3,,2017-11-08 10:24:43,FALSE,,""928206641224454145"",,""<a href=""""http://twitter.com"""" rel=""""nofollow"""">Twitter Web Client</a>"",""kyotchi"",2,FALSE,FALSE,,"
"RT @coworking_soria: ¿Qué puede ofrecer un pueblo de 100 habitantes a un joven urbanita? @heraldoes se hace eco de #Presura 

https://t.co/…,FALSE,0,,2017-11-08 10:10:04,FALSE,,""928202956650041345"",,""<a href=""""http://bufferapp.com"""" rel=""""nofollow"""">Buffer</a>"",""velilladlosajos"",11,TRUE,FALSE,,"
"RT @Ferguisil: En el último número de Presura hablan de Golden Sun y eso ya lo convierte en un MUST https://t.co/bPpJ4Okalf,FALSE,0,,2017-11-08 09:52:49,FALSE,,""928198612844269568"",,""<a href=""""https://about.twitter.com/products/tweetdeck"""" rel=""""nofollow"""">TweetDeck</a>"",""Kinoli7"",1,TRUE,FALSE,,"
"En el último número de Presura hablan de Golden Sun y eso ya lo convierte en un MUST https://t.co/bPpJ4Okalf,FALSE,1,,2017-11-08 09:52:17,FALSE,,""928198480186703872"",,""<a href=""""http://twitter.com/download/android"""" rel=""""nofollow"""">Twitter for Android</a>"",""Ferguisil"",1,FALSE,FALSE,,"
"Un nuevo número de Presura, un buen motivo para estar felices. https://t.co/tsQQ03fQxn,FALSE,0,,2017-11-08 09:32:55,FALSE,,""928193606749474816"",,""<a href=""""http://twitter.com/download/android"""" rel=""""nofollow"""">Twitter for Android</a>"",""Cuaquero"",0,FALSE,FALSE,,"
"RT @coworking_soria: Apenas quedan 2 días para #Presura. ¿Has visto las actividades que se van a realizar durante la Feria? https://t.co/J4…,FALSE,0,,2017-11-08 09:20:23,FALSE,,""928190452318330880"",,""<a href=""""http://twitter.com/download/android"""" rel=""""nofollow"""">Twitter for Android</a>"",""Renacuajoeva"",4,TRUE,FALSE,,"
"Presura XXIV: El viaje en el videojuego. https://t.co/mLsDUQDudN vía @Presurae,FALSE,1,,2017-11-08 08:50:02,FALSE,,""928182814633353216"",,""<a href=""""http://twitter.com/download/android"""" rel=""""nofollow"""">Twitter for Android</a>"",""multiversityart"",1,FALSE,FALSE,,"
"#Presura
Alain Cuenca: ""Lo importante es mejorar la calidad de vida de los pueblos""
https://t.co/mCl01JAt72 @AlainCuenca @coworking_soria,FALSE,5,,2017-11-08 08:32:03,FALSE,,""928178288605966336"",,""<a href=""""http://twitter.com"""" rel=""""nofollow"""">Twitter Web Client</a>"",""sorianoticias"",2,FALSE,FALSE,,"
"En unos pocos lugares muuuucha gente y en muuuchos lugares poca gente. I Feria Nacional para la Repoblación de la E… https://t.co/NFdQPFBsrl,FALSE,3,,2017-11-08 07:58:43,TRUE,,""928169900014751744"",,""<a href=""""http://twitter.com/download/iphone"""" rel=""""nofollow"""">Twitter for iPhone</a>"",""MamenAsencio"",1,FALSE,FALSE,,"
"#Presura ya está muy cerquita. El viernes 10 de noviembre #Soria será el epicentro de las soluciones para repoblar… https://t.co/06o7zxz6wW,FALSE,4,,2017-11-08 07:45:01,TRUE,,""928166454087823361"",,""<a href=""""https://about.twitter.com/products/tweetdeck"""" rel=""""nofollow"""">TweetDeck</a>"",""coworking_soria"",1,FALSE,FALSE,,"
"RT @coworking_soria: ¿Qué puede ofrecer un pueblo de 100 habitantes a un joven urbanita? @heraldoes se hace eco de #Presura 

https://t.co/…,FALSE,0,,2017-11-08 01:02:02,FALSE,,""928065039222935553"",,""<a href=""""http://twitter.com/#!/download/ipad"""" rel=""""nofollow"""">Twitter for iPad</a>"",""frutamanubles"",11,TRUE,FALSE,,"
"RT @coworking_soria: Ya sólo quedan 3 días. Este viernes te esperamos en #Presura 
https://t.co/J4ReRol2x8

¿Aún no tienes tu entrada?

htt…,FALSE,0,,2017-11-07 23:41:42,FALSE,,""928044823722029057"",,""<a href=""""http://twitter.com/download/android"""" rel=""""nofollow"""">Twitter for Android</a>"",""salondesol"",1,TRUE,FALSE,,"
"RT @coworking_soria: #Presura está a la vuelta de la esquina. Estamos trabajando duro para 3 días que serán el año I de la repoblación
http…,FALSE,0,,2017-11-07 23:40:51,FALSE,,""928044607035920386"",,""<a href=""""http://twitter.com/download/android"""" rel=""""nofollow"""">Twitter for Android</a>"",""salondesol"",2,TRUE,FALSE,,"
"RT @coworking_soria: #Presura está a la vuelta de la esquina. Estamos trabajando duro para 3 días que serán el año I de la repoblación
http…,FALSE,0,,2017-11-07 23:39:27,FALSE,,""928044256786309120"",,""<a href=""""http://twitter.com/download/android"""" rel=""""nofollow"""">Twitter for Android</a>"",""fsbierzo"",2,TRUE,FALSE,,"
"RT @coworking_soria: Apenas quedan 2 días para #Presura. ¿Has visto las actividades que se van a realizar durante la Feria? https://t.co/J4…,FALSE,0,,2017-11-07 23:38:04,FALSE,,""928043906763313152"",,""<a href=""""http://twitter.com/download/android"""" rel=""""nofollow"""">Twitter for Android</a>"",""fsbierzo"",4,TRUE,FALSE,,"
"@coworking_soria @heraldoes Infinitas posibilidades de emprender, realizar sus sueños y disfrutar de auténtica calidad de vida #Presura,FALSE,0,""coworking_soria"",2017-11-07 23:37:43,FALSE,""927915280667422722"",""928043821497274369"",""491236337"",""<a href=""""ht"
"RT @coworking_soria: ¿Qué puede ofrecer un pueblo de 100 habitantes a un joven urbanita? @heraldoes se hace eco de #Presura 

https://t.co/…,FALSE,0,,2017-11-07 23:35:40,FALSE,,""928043301923643392"",,""<a href=""""http://twitter.com/download/android"""" rel=""""nofollow"""">Twitter for Android</a>"",""fsbierzo"",11,TRUE,FALSE,,"
"Contra la despoblación, innovación social. Este fin de semana, visita #Presura, en Soria. https://t.co/kMbj1lxeXk https://t.co/7DnDllY6yE,FALSE,3,,2017-11-07 21:00:41,FALSE,,""928004302601322496"",,""<a href=""""http://www.hootsuite.com"""" rel=""""nofollow"""">Hootsuite</a>"",""huertosdesoria"",1,FALSE,FALSE,,"
"RT @antxon: Este fin de semana #Presura va a dar mucho que hablar. Por allí estaré, por supuesto. #InnovaciónSocial para la repoblación htt…,FALSE,0,,2017-11-07 19:37:46,FALSE,,""927983432243740672"",,""<a href=""""http://twitter.com/download/iphone"""" rel=""""nofollow"""">Twitter for iPhone</a>"",""monikatubia"",2,TRUE,FALSE,,"
"RT @coworking_soria: ¿Qué puede ofrecer un pueblo de 100 habitantes a un joven urbanita? @heraldoes se hace eco de #Presura 

https://t.co/…,FALSE,0,,2017-11-07 18:15:13,FALSE,,""927962661891006469"",,""<a href=""""http://twitter.com"""" rel=""""nofollow"""">Twitter Web Client</a>"",""Ventero135"",11,TRUE,FALSE,,"
"RT @coworking_soria: ¿Qué puede ofrecer un pueblo de 100 habitantes a un joven urbanita? @heraldoes se hace eco de #Presura 

https://t.co/…,FALSE,0,,2017-11-07 18:10:14,FALSE,,""927961405399162880"",,""<a href=""""http://twitter.com/download/android"""" rel=""""nofollow"""">Twitter for Android</a>"",""sarahdezpozuelo"",11,TRUE,FALSE,,"
"Ya sólo quedan 3 días. Este viernes te esperamos en #Presura 
https://t.co/J4ReRol2x8

¿Aún no tienes tu entrada?… https://t.co/wgT7EXpG6Q,FALSE,2,,2017-11-07 18:10:00,TRUE,,""927961348557983744"",,""<a href=""""https://about.twitter.com/products/tweetdeck"""" rel=""""nofollow"""">TweetDeck</a>"",""coworking_soria"",1,FALSE,FALSE,,"
"#Presura está a la vuelta de la esquina. Estamos trabajando duro para 3 días que serán el año I de la repoblación… https://t.co/RKFBKmgQK3,FALSE,4,,2017-11-07 17:10:00,TRUE,,""927946248987951104"",,""<a href=""""https://about.twitter.com/products/tweetdeck"""" rel=""""nofollow"""">TweetDeck</a>"",""coworking_soria"",2,FALSE,FALSE,,"
"RT @coworking_soria: ¿Qué puede ofrecer un pueblo de 100 habitantes a un joven urbanita? @heraldoes se hace eco de #Presura 

https://t.co/…,FALSE,0,,2017-11-07 16:08:40,FALSE,,""927930813727039488"",,""<a href=""""http://twitter.com/download/android"""" rel=""""nofollow"""">Twitter for Android</a>"",""salondesol"",11,TRUE,FALSE,,"
"RT @coworking_soria: ¿Qué puede ofrecer un pueblo de 100 habitantes a un joven urbanita? @heraldoes se hace eco de #Presura 

https://t.co/…,FALSE,0,,2017-11-07 15:16:55,FALSE,,""927917790220181504"",,""<a href=""""http://twitter.com/download/iphone"""" rel=""""nofollow"""">Twitter for iPhone</a>"",""SocEntES"",11,TRUE,FALSE,,"
"RT @coworking_soria: ¿Qué puede ofrecer un pueblo de 100 habitantes a un joven urbanita? @heraldoes se hace eco de #Presura 

https://t.co/…,FALSE,0,,2017-11-07 15:15:19,FALSE,,""927917384534552576"",,""<a href=""""http://twitter.com/download/android"""" rel=""""nofollow"""">Twitter for Android</a>"",""Renacuajoeva"",11,TRUE,FALSE,,"
"RT @coworking_soria: ¿Qué puede ofrecer un pueblo de 100 habitantes a un joven urbanita? @heraldoes se hace eco de #Presura 

https://t.co/…,FALSE,0,,2017-11-07 15:14:48,FALSE,,""927917255924617216"",,""<a href=""""http://www.twitter.com"""" rel=""""nofollow"""">Twitter for BlackBerry</a>"",""editora"",11,TRUE,FALSE,,"
"RT @sorianoticias: #Presura 
Charla  el director de la Cátedra sobre Despoblación de la @unizar
https://t.co/nJT4dCG1yo @coworking_soria,FALSE,0,,2017-11-07 15:13:00,FALSE,,""927916801576620033"",,""<a href=""""http://twitter.com/download/android"""" rel=""""nofollow"""">Twitter for Android</a>"",""Renacuajoeva"",2,TRUE,FALSE,,"
"¿Qué puede ofrecer un pueblo de 100 habitantes a un joven urbanita? @heraldoes se hace eco de #Presura… https://t.co/lLBZwEPZd0,FALSE,7,,2017-11-07 15:06:57,TRUE,,""927915280667422722"",,""<a href=""""https://about.twitter.com/products/tweetdeck"""" rel=""""nofollow"""">TweetDeck</a>"",""coworking_soria"",11,FALSE,FALSE,,"
"RT @coworking_soria: Apenas quedan 2 días para #Presura. ¿Has visto las actividades que se van a realizar durante la Feria? https://t.co/J4…,FALSE,0,,2017-11-07 14:30:43,FALSE,,""927906162112155648"",,""<a href=""""http://twitter.com"""" rel=""""nofollow"""">Twitter Web Client</a>"",""jesuspiro"",4,TRUE,FALSE,,"
"RT @antxon: Este fin de semana #Presura va a dar mucho que hablar. Por allí estaré, por supuesto. #InnovaciónSocial para la repoblación htt…,FALSE,0,,2017-11-07 14:09:06,FALSE,,""927900724046057474"",,""<a href=""""http://twitter.com/download/android"""" rel=""""nofollow"""">Twitter for Android</a>"",""coworking_soria"",2,TRUE,FALSE,,"
"RT @fsbierzo: Hay más ideas que personas para llevarlas a cabo, pero con #Presura llegarán nuevos pobladores que las harán realidad! <ed><U+00A0><U+00BC><ed><U+00BC><U+00B2><ed><U+00A0><U+00BC><ed><U+00BC><U+00B3><ed><U+00A0><U+00BC><ed><U+00BC><U+00B2> ht…,FALSE,0,,2017-11-07 11:41:18,FALSE,,""927863526319943680"",,""<a href=""""http://twitter.com"""" rel=""""nofollow"""">Twitter Web Client</a>"",""salondesol"",2,TRUE,FALSE,,"
"@coworking_soria Nos vemos en #Presura #SocEnt <ed><U+00A0><U+00BD><ed><U+00B8><U+0080>,FALSE,1,""coworking_soria"",2017-11-07 11:39:15,FALSE,""927637967514095616"",""927863010676367360"",""491236337"",""<a href=""""http://twitter.com"""" rel=""""nofollow"""">Twitter Web "
"Este fin de semana #Presura va a dar mucho que hablar. Por allí estaré, por supuesto. #InnovaciónSocial para la rep… https://t.co/lEJXflH8OZ,FALSE,6,,2017-11-07 11:25:55,TRUE,,""927859655803580416"",,""<a href=""""http://twitter.com/#!/download/ipad"""" rel=""""nofollow"""">Twitter for iPad</a>"",""antxon"",2,FALSE,FALSE,,"
"RT @sorianoticias: #Presura 
Charla  el director de la Cátedra sobre Despoblación de la @unizar
https://t.co/nJT4dCG1yo @coworking_soria,FALSE,0,,2017-11-07 11:22:44,FALSE,,""927858856943857665"",,""<a href=""""http://twitter.com/#!/download/ipad"""" rel=""""nofollow"""">Twitter for iPad</a>"",""coworking_soria"",2,TRUE,FALSE,,"
"RT @FooRubio: Soria, la provincia de las oportunidades #Presura  https://t.co/bpZkeRB65I,FALSE,0,,2017-11-07 11:21:42,FALSE,,""927858594913144832"",,""<a href=""""http://twitter.com/#!/download/ipad"""" rel=""""nofollow"""">Twitter for iPad</a>"",""coworking_soria"",1,TRUE,FALSE,,"
"RT @fsbierzo: Su 1º punto ""Lucha  contra el despoblamiento rural, fomento incorporación de jóvenes y reducción brecha digital"" #Presura @co…,FALSE,0,,2017-11-07 11:18:50,FALSE,,""927857871991255041"",,""<a href=""""http://twitter.com/#!/download/ipad"""" rel=""""nofollow"""">Twitter for iPad</a>"",""coworking_soria"",1,TRUE,FALSE,,"
"RT @coworking_soria: Apenas quedan 2 días para #Presura. ¿Has visto las actividades que se van a realizar durante la Feria? https://t.co/J4…,FALSE,0,,2017-11-07 10:37:50,FALSE,,""927847554422853637"",,""<a href=""""http://twitter.com"""" rel=""""nofollow"""">Twitter Web Client</a>"",""ForoAstSost"",4,TRUE,FALSE,,"
"Hay más ideas que personas para llevarlas a cabo, pero con #Presura llegarán nuevos pobladores que las harán realid… https://t.co/AB8A4F5luP,FALSE,5,,2017-11-07 10:28:29,TRUE,,""927845201640611840"",,""<a href=""""http://twitter.com"""" rel=""""nofollow"""">Twitter Web Client</a>"",""fsbierzo"",2,FALSE,FALSE,,"
"Su 1º punto ""Lucha  contra el despoblamiento rural, fomento incorporación de jóvenes y reducción brecha digital""… https://t.co/99HpCtzRQ1,FALSE,0,,2017-11-07 10:07:52,TRUE,,""927840014230319104"",,""<a href=""""http://twitter.com"""" rel=""""nofollow"""">Twitter Web Client</a>"",""fsbierzo"",1,FALSE,FALSE,,"
"Apenas quedan 2 días para #Presura. ¿Has visto las actividades que se van a realizar durante la Feria?… https://t.co/XTDCvfbYZp,FALSE,5,,2017-11-07 09:43:42,TRUE,,""927833932019757057"",,""<a href=""""http://twitter.com"""" rel=""""nofollow"""">Twitter Web Client</a>"",""coworking_soria"",4,FALSE,FALSE,,"
"@coworking_soria Nos vemos en #Presura sin falta... y sin disolvernos <ed><U+00A0><U+00BD><ed><U+00B8><U+0084><ed><U+00A0><U+00BD><ed><U+00B8><U+0086><ed><U+00A0><U+00BE><ed><U+00B4><U+00A3>,FALSE,1,""coworking_soria"",2017-11-07 09:41:58,FALSE,""92745435876"
"Habrá que escucharles atentamente... Pinta interesante...!!! #Presura <ed><U+00A0><U+00BC><ed><U+00BC><U+00B2><ed><U+00A0><U+00BC><ed><U+00BC><U+00B3><ed><U+00A0><U+00BC><ed><U+00BC><U+00B2> https://t.co/CAih2zSvXK,FALSE,0,,2017-11-07 09:29:59,FALSE,,""927830480237551616"",,""<a href=""""http://twitter.com"""" rel=""""nofollow"""">Twitter Web Client</a>"",""fsbierzo"",0,FALSE,FALSE,,"
"RT @sorianoticias: #Presura 
""Es necesario que las administraciones den un paso para evitar la despoblación"" 
https://t.co/LzMPmSUURk 
@cow…,FALSE,0,,2017-11-07 09:12:49,FALSE,,""927826162201563136"",,""<a href=""""http://twitter.com/#!/download/ipad"""" rel=""""nofollow"""">Twitter for iPad</a>"",""coworking_soria"",1,TRUE,FALSE,,"
"#Presura 
""Es necesario que las administraciones den un paso para evitar la despoblación"" 
https://t.co/LzMPmSUURk 
@coworking_soria,FALSE,2,,2017-11-07 09:11:13,FALSE,,""927825759712038912"",,""<a href=""""http://twitter.com"""" rel=""""nofollow"""">Twitter Web Client</a>"",""sorianoticias"",1,FALSE,FALSE,,"
"RT @UOCinfocom: El fenómeno #youtuber a análisis. Origen, anatomía y expectativas, por @Presurae: https://t.co/SnfQigzkhs https://t.co/QS4e…,FALSE,0,,2017-11-07 08:22:06,FALSE,,""927813399039414272"",,""<a href=""""http://twitter.com"""" rel=""""nofollow"""">Twitter Web Client</a>"",""anachevere"",2,TRUE,FALSE,,"
"RT @coworking_soria: #Presura está a la vuelta de la esquina. Pero todavía puedes inscribirte para conseguir entradas gratuitas en: https:/…,FALSE,0,,2017-11-07 08:21:11,FALSE,,""927813167736066048"",,""<a href=""""http://twitter.com/download/iphone"""" rel=""""nofollow"""">Twitter for iPhone</a>"",""FETALt"",2,TRUE,FALSE,,"
"RT @coworking_soria: Pedro Antonio Marín, Ángeles
Santos, Paulino Herrero y Roberto Lózano debatirán en #Presura sobre innovación social y…,FALSE,0,,2017-11-07 07:33:32,FALSE,,""927801176510423040"",,""<a href=""""http://twitter.com/download/iphone"""" rel=""""nofollow"""">Twitter for iPhone</a>"",""_Herce"",1,TRUE,FALSE,,"
"RT @coworking_soria: #Presura está a la vuelta de la esquina. Pero todavía puedes inscribirte para conseguir entradas gratuitas en: https:/…,FALSE,0,,2017-11-06 22:18:41,FALSE,,""927661541666775040"",,""<a href=""""http://twitter.com/download/iphone"""" rel=""""nofollow"""">Twitter for iPhone</a>"",""deadend68"",2,TRUE,FALSE,,"
"RT @coworking_soria: Contra la despoblación, innovación social. ¿Cómo? #Presura Año I de la #repoblación ¿Te apuntas?
https://t.co/J4ReRol2…,FALSE,0,,2017-11-06 21:21:23,FALSE,,""927647120953311232"",,""<a href=""""http://twitter.com/#!/download/ipad"""" rel=""""nofollow"""">Twitter for iPad</a>"",""Rabalon"",7,TRUE,FALSE,,"
"Pedro Antonio Marín, Ángeles
Santos, Paulino Herrero y Roberto Lózano debatirán en #Presura sobre innovación social… https://t.co/02Y84BGHg1,FALSE,4,,2017-11-06 20:45:00,TRUE,,""927637967514095616"",,""<a href=""""https://about.twitter.com/products/tweetdeck"""" rel=""""nofollow"""">TweetDeck</a>"",""coworking_soria"",1,FALSE,FALSE,,"
"RT @coworking_soria: Descubre todo sobre la fiscalidad para la #repoblación en #Presura con @MercedesValcarc @AlainCuenca y @_herce

https:…,FALSE,0,,2017-11-06 20:44:19,FALSE,,""927637795082063874"",,""<a href=""""http://twitter.com/download/iphone"""" rel=""""nofollow"""">Twitter for iPhone</a>"",""MercedesValcarc"",5,TRUE,FALSE,,"
"#Presura está a la vuelta de la esquina. Pero todavía puedes inscribirte para conseguir entradas gratuitas en:… https://t.co/bUI5Jg0554,FALSE,5,,2017-11-06 20:09:29,TRUE,,""927629027245932544"",,""<a href=""""https://about.twitter.com/products/tweetdeck"""" rel=""""nofollow"""">TweetDeck</a>"",""coworking_soria"",2,FALSE,FALSE,,"
"RT @coworking_soria: Descubre todo sobre la fiscalidad para la #repoblación en #Presura con @MercedesValcarc @AlainCuenca y @_herce

https:…,FALSE,0,,2017-11-06 19:25:40,FALSE,,""927618002203312128"",,""<a href=""""http://twitter.com/download/iphone"""" rel=""""nofollow"""">Twitter for iPhone</a>"",""_Herce"",5,TRUE,FALSE,,"
"RT @salondesol: @coworking_soria ¡Me apunto! Tampoco quiero disolverme... #Presura <ed><U+00A0><U+00BC><ed><U+00BC><U+00B2><ed><U+00A0><U+00BC><ed><U+00BC><U+00B3><ed><U+00A0><U+00BC><ed><U+00BC><U+00B2>,FALSE,0,,2017-11-06 19:07:23,FALSE,,""927613401739726849"",,""<a href=""""http://twitter.com/download/android"""" rel=""""nofollow"""">Twitter for Android</a>"",""coworking_soria"",1,TRUE,FALSE,,"
"@coworking_soria ¡Me apunto! Tampoco quiero disolverme... #Presura <ed><U+00A0><U+00BC><ed><U+00BC><U+00B2><ed><U+00A0><U+00BC><ed><U+00BC><U+00B3><ed><U+00A0><U+00BC><ed><U+00BC><U+00B2>,FALSE,1,""coworking_soria"",2017-11-06 18:37:00,FALSE,""92745435876940"
"RT @coworking_soria: Descubre todo sobre la fiscalidad para la #repoblación en #Presura con @MercedesValcarc @AlainCuenca y @_herce

https:…,FALSE,0,,2017-11-06 18:28:18,FALSE,,""927603565731962880"",,""<a href=""""http://twitter.com/download/iphone"""" rel=""""nofollow"""">Twitter for iPhone</a>"",""FETALt"",5,TRUE,FALSE,,"
"RT @coworking_soria: Descubre todo sobre la fiscalidad para la #repoblación en #Presura con @MercedesValcarc @AlainCuenca y @_herce

https:…,FALSE,0,,2017-11-06 18:28:15,FALSE,,""927603551269945345"",,""<a href=""""http://twitter.com"""" rel=""""nofollow"""">Twitter Web Client</a>"",""salondesol"",5,TRUE,FALSE,,"
"RT @coworking_soria: #Soria se convierte el 10 de noviembre en el epicentro del año 1 de la repoblación ¿Sabes dónde se celebra #Presura? h…,FALSE,0,,2017-11-06 18:01:52,FALSE,,""927596911032446976"",,""<a href=""""http://bufferapp.com"""" rel=""""nofollow"""">Buffer</a>"",""hackity"",13,TRUE,FALSE,,"
"RT @UOCinfocom: El fenómeno #youtuber a análisis. Origen, anatomía y expectativas, por @Presurae: https://t.co/SnfQigzkhs https://t.co/QS4e…,FALSE,0,,2017-11-06 17:31:13,FALSE,,""927589200723050496"",,""<a href=""""https://about.twitter.com/products/tweetdeck"""" rel=""""nofollow"""">TweetDeck</a>"",""Presurae"",2,TRUE,FALSE,,"
"El fenómeno #youtuber a análisis. Origen, anatomía y expectativas, por @Presurae: https://t.co/SnfQigzkhs https://t.co/QS4eIbeAVT,FALSE,1,,2017-11-06 17:30:40,FALSE,,""927589062625693697"",,""<a href=""""http://www.hootsuite.com"""" rel=""""nofollow"""">Hootsuite</a>"",""UOCinfocom"",2,FALSE,FALSE,,"
"RT @redrunacional: Empieza la cuenta atrás para #PRESURA la 1ª Feria para la repoblación de la España vacía
https://t.co/12encCNJul
10-12 n…,FALSE,0,,2017-11-06 15:58:07,FALSE,,""927565769940062208"",,""<a href=""""http://twitter.com/download/iphone"""" rel=""""nofollow"""">Twitter for iPhone</a>"",""PosadaCandil"",11,TRUE,FALSE,,"
"Soria, la provincia de las oportunidades #Presura  https://t.co/bpZkeRB65I,FALSE,1,,2017-11-06 14:18:47,FALSE,,""927540773322723328"",,""<a href=""""http://twitter.com/download/android"""" rel=""""nofollow"""">Twitter for Android</a>"",""FooRubio"",1,FALSE,FALSE,,"
"RT @coworking_soria: Contra la despoblación, innovación social. ¿Cómo? #Presura Año I de la #repoblación ¿Te apuntas?
https://t.co/J4ReRol2…,FALSE,0,,2017-11-06 13:43:16,FALSE,,""927531831897022465"",,""<a href=""""http://twitter.com/download/iphone"""" rel=""""nofollow"""">Twitter for iPhone</a>"",""Javier_Goizueta"",7,TRUE,FALSE,,"
"RT @coworking_soria: Descubre todo sobre la fiscalidad para la #repoblación en #Presura con @MercedesValcarc @AlainCuenca y @_herce

https:…,FALSE,0,,2017-11-06 12:17:57,FALSE,,""927510361686839296"",,""<a href=""""http://twitter.com"""" rel=""""nofollow"""">Twitter Web Client</a>"",""AlainCuenca"",5,TRUE,FALSE,,"
"Descubre todo sobre la fiscalidad para la #repoblación en #Presura con @MercedesValcarc @AlainCuenca y @_herce… https://t.co/vFvXoejOWN,FALSE,3,,2017-11-06 12:16:00,TRUE,,""927509873172078593"",,""<a href=""""https://about.twitter.com/products/tweetdeck"""" rel=""""nofollow"""">TweetDeck</a>"",""coworking_soria"",5,FALSE,FALSE,,"
"RT @coworking_soria: Contra la despoblación, innovación social. ¿Cómo? #Presura Año I de la #repoblación ¿Te apuntas?
https://t.co/J4ReRol2…,FALSE,0,,2017-11-06 11:41:09,FALSE,,""927501102001590272"",,""<a href=""""http://twitter.com/download/android"""" rel=""""nofollow"""">Twitter for Android</a>"",""ElisaFM1"",7,TRUE,FALSE,,"
"La España vacía necesita emprendedores para repoblarla: una feria los busca https://t.co/cna1IgLYu4 vía @20m,FALSE,1,,2017-11-06 11:33:45,FALSE,,""927499241035051009"",,""<a href=""""http://twitter.com"""" rel=""""nofollow"""">Twitter Web Client</a>"",""noainnova"",0,FALSE,FALSE,,"
"RT @coworking_soria: Contra la despoblación, innovación social. ¿Cómo? #Presura Año I de la #repoblación ¿Te apuntas?
https://t.co/J4ReRol2…,FALSE,0,,2017-11-06 10:14:14,FALSE,,""927479230065192961"",,""<a href=""""http://twitter.com/download/android"""" rel=""""nofollow"""">Twitter for Android</a>"",""Renacuajoeva"",7,TRUE,FALSE,,"
"RT @coworking_soria: #Soria se convierte el 10 de noviembre en el epicentro del año 1 de la repoblación ¿Sabes dónde se celebra #Presura? h…,FALSE,0,,2017-11-06 10:04:35,FALSE,,""927476800053182464"",,""<a href=""""http://bufferapp.com"""" rel=""""nofollow"""">Buffer</a>"",""velilladlosajos"",13,TRUE,FALSE,,"
"RT @coworking_soria: El sábado 11 de noviembre podrás escuchar más de 40 iniciativas contra la despoblación en #AgoraPresura  https://t.co/…,FALSE,0,,2017-11-06 09:13:02,FALSE,,""927463827444260864"",,""<a href=""""http://twitter.com/download/android"""" rel=""""nofollow"""">Twitter for Android</a>"",""somosduerodouro"",13,TRUE,FALSE,,"
"RT @coworking_soria: #Soria se convierte el 10 de noviembre en el epicentro del año 1 de la repoblación ¿Sabes dónde se celebra #Presura? h…,FALSE,0,,2017-11-06 09:05:07,FALSE,,""927461835900628993"",,""<a href=""""http://twitter.com/download/android"""" rel=""""nofollow"""">Twitter for Android</a>"",""CoworkingLovers"",13,TRUE,FALSE,,"
"RT @coworking_soria: Contra la despoblación, innovación social. ¿Cómo? #Presura Año I de la #repoblación ¿Te apuntas?
https://t.co/J4ReRol2…,FALSE,0,,2017-11-06 08:38:12,FALSE,,""927455059528609793"",,""<a href=""""http://www.hootsuite.com"""" rel=""""nofollow"""">Hootsuite</a>"",""REDEXTREMADURA"",7,TRUE,FALSE,,"
"RT @coworking_soria: Contra la despoblación, innovación social. ¿Cómo? #Presura Año I de la #repoblación ¿Te apuntas?
https://t.co/J4ReRol2…,FALSE,0,,2017-11-06 08:36:46,FALSE,,""927454701175627777"",,""<a href=""""http://twitter.com"""" rel=""""nofollow"""">Twitter Web Client</a>"",""jmscooperativas"",7,TRUE,FALSE,,"
